State,prv0_m,prv0_l,prv0_u,adr_m,adr_l,adr_u,p_pub_m,p_pub_l,p_pub_u,p_ppm_m,p_ppm_l,p_ppm_u,r_sym_m,r_sym_l,r_sym_u,r_aware_m,r_aware_l,r_aware_u,r_acf_m,r_acf_l,r_acf_u,r_det_all_m,r_det_all_l,r_det_all_u,r_sc_m,r_sc_l,r_sc_u,txi_pri_m,txi_pri_l,txi_pri_u,ppv_pri_m,ppv_pri_l,ppv_pri_u,dur_pri_m,dur_pri_l,dur_pri_u,p_pri_on_pub_m,p_pri_on_pub_l,p_pri_on_pub_u,ra_m,ra_l,ra_u,rs_m,rs_l,rs_u,rc_m,rc_l,rc_u,r_det_m,r_det_l,r_det_u,a0_m,a0_l,a0_u,c0_m,c0_l,c0_u,pr_a_m,pr_a_l,pr_a_u,pr_s_m,pr_s_l,pr_s_u,pr_c_m,pr_c_l,pr_c_u,prv_a_m,prv_a_l,prv_a_u,prv_s_m,prv_s_l,prv_s_u,prv_c_m,prv_c_l,prv_c_u,prv_t_pub_m,prv_t_pub_l,prv_t_pub_u,prv_t_eu_m,prv_t_eu_l,prv_t_eu_u,prv_t_ei_m,prv_t_ei_l,prv_t_ei_u,prv_t_pri_m,prv_t_pri_l,prv_t_pri_u,tbps_pub_m,tbps_pub_l,tbps_pub_u,tbps_pri_m,tbps_pri_l,tbps_pri_u,drug_pri_m,drug_pri_l,drug_pri_u,det_pub_m,det_pub_l,det_pub_u,det_eng_m,det_eng_l,det_eng_u,det_pri_m,det_pri_l,det_pri_u,scale_dur_m,scale_dur_l,scale_dur_u,r_death_a_m,r_death_a_l,r_death_a_u,r_death_s_m,r_death_s_l,r_death_s_u,ppv_pub_m,ppv_pub_l,ppv_pub_u,ppv_eng_m,ppv_eng_l,ppv_eng_u,sens_acf_m,sens_acf_l,sens_acf_u,spec_acf_m,spec_acf_l,spec_acf_u,dur_pub_m,dur_pub_l,dur_pub_u
India,0.0018462849924727853,0.0017326601982887231,0.001965042598831922,0.04775387855102269,0.047128390274566306,0.048382983813469706,0.6756911217200832,0.6134310229439087,0.711580356437868,0.8468604594787078,0.6392510982881936,0.9929939324141027,1.2334138547833087,1.1112789486092458,1.3698667932240933,3.5723389788937574,3.0822514638656853,4.1348447488291225,0.005441691558868513,0.005381910163739238,0.00550082064439574,4.052032539665449,3.463932421926111,4.767421827388204,0.2025923712660968,0.10545068660196204,0.29440502021512116,0.7376751910772035,0.5094727832905052,0.9847972552305716,0.5193628672303819,0.13776960270933788,0.8360958755909472,1.0696641688531747,0.6851159143013028,1.4613804427174557,0.30802875021890264,0.030468160924386523,0.6207081370836721,0.20531321704553104,0.108189107350106,0.29712227921487044,0.32531321704553107,0.228189107350106,0.4171222792148704,0.32531321704553107,0.228189107350106,0.4171222792148704,4.432117333688961,3.7717043502376764,5.216737727234125,3.126458752201847,2.6925726792250955,3.595152928854211,0.8294375879489742,0.6750772908338277,1.006832106802779,0.6303183503452179,0.6024024796777145,0.658318995420868,0.20247653065809032,0.18068223035559475,0.2263876878918211,0.16720511899669177,0.14586477755962673,0.18920319834050126,0.001163732112052209,0.0010764520966460383,0.0012522450783918233,3.7381907751110334e-4,3.2782040036886e-4,4.243044251843808e-4,3.0873380290946374e-4,2.6583546774401525e-4,3.554326337563265e-4,5.371968912260064e-4,5.367600715274617e-4,5.37612882884665e-4,2.3107179508901734e-4,2.287894682124644e-5,4.654804393979013e-4,2.538041508341035e-4,1.0464670507487526e-4,4.7921703863857605e-4,9.565077016376579e-5,4.222952636298537e-6,2.533030948872495e-4,5.371968912260064e-4,5.367600715274617e-4,5.37612882884665e-4,5.805267160868922e-4,5.070956080726688e-4,6.581970938859253e-4,3.494549209978712e-4,1.33800821393604e-4,5.656751715269648e-4,0.6756911217200832,0.6134310229439087,0.711580356437868,0.27197194122496027,0.24707986677962643,0.28637416440089847,0.052336937054956595,0.0020224627011996435,0.13945433564305384,1,1,1,0,0,0,0.12,0.12,0.12,0.85,0.85,0.85,0.85,0.85,0.85,0.5,0.5,0.5,0.995,0.995,0.995,0.5,0.5,0.5
Andhra_Pradesh,0.0015787965619112273,0.0011377514432597317,0.002088383278547457,0.0675286370613011,0.06456281761852085,0.07053765053089425,0.6835542591050366,0.5679495557484747,0.7295946777694109,0.8153307603279697,0.4839175368950006,0.9935778716602461,1.7657570208590314,1.1766854838286913,2.594567643962256,4.072613345118596,2.2357022547365313,7.429652746123151,0.005428632895748943,0.005157663848644487,0.005687850300529381,5.308284169618173,2.6926638902108224,10.430554560633604,0.2010012046431383,0.1042013753439492,0.29502240784457917,0.7315112041703683,0.5087868537581358,0.9840099485165246,0.546761850269875,0.14870940365835658,0.8373941145725622,1.17457961234591,0.6351722780407608,1.488741421148914,0.23346073640947504,0.022469925782679628,0.604791165938718,0.2037155210910128,0.10695453875495163,0.2977610215522569,0.32371552109101276,0.2269545387549516,0.4177610215522569,0.32371552109101276,0.2269545387549516,0.4177610215522569,5.492337911824785,2.7609480500560353,10.886646950417594,2.550769550337957,1.2557327446449607,4.985864018516037,0.8173667221964473,0.30138320638488103,1.764087432464233,0.5721378300336208,0.43647455665579116,0.7064481052936787,0.24450603611276053,0.13361801110827065,0.366532254765962,0.1833561338536186,0.08792839503038057,0.29954545586848996,9.0332253554806e-4,5.917957042554235e-4,0.0012859402358991788,3.8631105588907616e-4,1.9620594471811374e-4,6.343640545056299e-4,2.89162970474079e-4,1.3019210321255125e-4,5.03691480516786e-4,5.896914929661604e-4,5.874501591882272e-4,5.91981985220763e-4,1.8581958114281079e-4,1.7944097655343708e-5,4.8016423508924857e-4,2.61734090902556e-4,1.202234921872175e-4,4.901633696985805e-4,1.0341544933949373e-4,3.0425656209417673e-6,3.521488446558775e-4,5.896914929661604e-4,5.874501591882272e-4,5.91981985220763e-4,5.509691213848654e-4,3.3716373886572226e-4,8.637377645907843e-4,3.6514954024205156e-4,1.5951067212780501e-4,6.768611206051136e-4,0.6835542591050366,0.5679495557484747,0.7295946777694109,0.2518855351788006,0.20901823710443312,0.26906117697056253,0.06456020571616278,0.0017329035606468335,0.22328453989473382,1,1,1,0,0,0,0.12,0.12,0.12,0.85,0.85,0.85,0.85,0.85,0.85,0.5,0.5,0.5,0.995,0.995,0.995,0.5,0.5,0.5
Arunachal_Pradesh,0.0022961745115859166,0.0016342744913706198,0.0030689558507980795,0.09353274301115012,0.08140132008446732,0.09975265506871142,0.9581355521183839,0.8509010540624119,0.9937879570488787,0.2376908758900291,0.028259691877729316,0.8015242105940744,1.3057043757378806,0.8649049914084747,1.961891903741522,3.8510022628154563,1.91957037511977,7.650550788139132,0.005574992283917414,0.004805307958100349,0.006435780900273174,3.6435272616700534,1.784852031854343,7.627133651049421,0.19868596247187834,0.10549623564763902,0.294661293018224,0.7463233220576306,0.5116071246907817,0.9889160859748168,0.4958176106053375,0.1249460073705273,0.8321043293550908,0.8030899382604666,0.10874908303016838,1.4663414596582645,0.30140166540128505,0.029004372154176204,0.7126919016974118,0.20147345861383706,0.10820694196957763,0.29742284160532434,0.321473458613837,0.22820694196957764,0.4174228416053244,0.321473458613837,0.22820694196957764,0.4174228416053244,3.9064230555934305,1.904681481930607,8.185156829221462,3.273286744999555,1.438477443516816,6.760196210070658,1.13282326730332,0.3613749750944192,2.7709161838684975,0.5917793767981034,0.44316625434594986,0.7375769644106988,0.2045445912083368,0.09922703371887603,0.33812866986236073,0.20367603199355971,0.09461569005035765,0.3438258232130713,0.0013586825979904815,8.689444725467002e-4,0.0019508109689504367,4.697716571877945e-4,2.1116250395268872e-4,8.28818819738617e-4,4.677202564076315e-4,1.94300585626875e-4,8.246374502269389e-4,9.035210553720937e-4,8.86788504067384e-4,9.195453405383602e-4,4.623863840204969e-6,4.44894035757546e-7,1.1251161191400059e-5,1.1036827517715133e-5,2.0817587132701723e-6,5.07444995629904e-5,1.1023925598057369e-4,7.291538039815026e-6,3.167232558513353e-4,9.035210553720937e-4,8.86788504067384e-4,9.195453405383602e-4,1.2589994733849339e-4,1.919999016283752e-5,3.381580501319178e-4,1.2127608349828864e-4,1.473460209383382e-5,3.3380340549218435e-4,0.9581355521183839,0.8509010540624119,0.9937879570488787,0.0048714699948827975,0.0036121245453697463,0.0062759474358159905,0.03699297788673329,0.001278085418340116,0.14409828757733187,1,1,1,0,0,0,0.12,0.12,0.12,0.85,0.85,0.85,0.85,0.85,0.85,0.5,0.5,0.5,0.995,0.995,0.995,0.5,0.5,0.5
Assam,0.002759367868214093,0.001991593991907722,0.003654791060076377,0.080596402153153765,0.0760629236105825,0.08484826423560128,0.7998145310334518,0.666689834600982,0.8464726038641911,0.7596501269689482,0.36076629677530236,0.9915813342218337,0.7740724291323523,0.4950601616601114,1.1877709276952335,2.1495029523833042,1.0534304359723579,4.246566598137827,0.0012293308964403022,0.0011194979136507483,0.0013398644563586408,1.917676586391148,0.9118389954239271,3.925970057035804,0.20012506558272047,0.10548842203070352,0.29479359735620464,0.7322517352501504,0.5098842399930058,0.9834433067356557,0.5386200680226207,0.14855664486208184,0.8352611924201322,1.0977607923366337,0.4844759983723402,1.4858184044600742,0.27340885177926455,0.024865909569421918,0.6789551201764185,0.20073973103094062,0.10606164562608836,0.29542928315910727,0.3207397310309406,0.22606164562608835,0.4154292831591072,0.3207397310309406,0.22606164562608835,0.4154292831591072,2.0991595275819783,0.9949546904768196,4.36931350593009,3.283798015744491,1.316269804503437,7.187237827517534,1.1236188284930688,0.35464472236942784,2.6765181612313262,0.5909175499864907,0.4306467419584269,0.7404862829204267,0.20593407272239672,0.09695638373706214,0.346828333588951,0.20314837729111254,0.09206550967407694,0.3443261879691615,0.0016294285916273192,0.0010476889378903983,0.0023340012257937266,5.676988454737712e-4,2.4976978859872126e-4,0.001012921119275782,5.622404311129941e-4,2.3800002743782302e-4,0.0010253613527602644,4.809900691047895e-4,4.784324706640685e-4,4.83555332266249e-4,7.104990283445764e-5,6.461130590685778e-6,1.765662909090165e-4,9.030919546360408e-5,3.200925510800696e-5,2.0506249634368203e-4,7.046465147040809e-5,1.7210667640553882e-6,2.443947861706658e-4,4.809900691047895e-4,4.784324706640685e-4,4.83555332266249e-4,2.3182374976846892e-4,1.1999373611559724e-4,4.320882259904745e-4,1.607738469340111e-4,5.490411941269261e-5,3.624593172624875e-4,0.7998145310334518,0.666689834600982,0.8464726038641911,0.1439655929446698,0.11945230522447955,0.15296053856186517,0.056219876021878445,0.0012841753620021267,0.21371881570845658,1,1,1,0,0,0,0.12,0.12,0.12,0.85,0.85,0.85,0.85,0.85,0.85,0.5,0.5,0.5,0.995,0.995,0.995,0.5,0.5,0.5
Bihar,0.0028036071970954134,0.0021856756661417388,0.0034960047552762895,4.963116790197707e-5,1.1023825262047335e-6,1.9365325354289866e-4,0.3932735315394746,0.20795287336261306,0.5447030495291342,0.5536677975582305,0.21197828385505557,0.9666404115355546,0.8539130877940154,0.5516513793548379,1.3515438000946978,1.6332797816985087,0.9072968784904435,2.914239177801121,0.0017572107445940521,0.001658836765353536,0.0018570349465761196,3.189410600197204,1.3694760833787099,6.911577516828251,0.19919255099579244,0.10468661908684218,0.294791249638933,0.7491441256366914,0.5132244119435869,0.9858994074492149,0.43257529699707553,0.11336747534767747,0.8261415992178204,0.5879071925439167,0.15020550478316758,1.400972848651272,0.3054735939563606,0.02645512548174923,0.7163463569685121,0.20007115636808948,0.10559613418558816,0.29566742691788767,0.32007115636808947,0.22559613418558816,0.4156674269178876,0.32007115636808947,0.22559613418558816,0.4156674269178876,3.683388760232361,1.5113883303092144,8.50266727046008,2.361702621006243,1.3457636650297304,3.915270534712848,0.5210775163962318,0.20259699851415475,1.0646140076438577,0.6002591510523385,0.48748670940279265,0.7082268325718365,0.2675604115451482,0.17519483633440558,0.3707077910718251,0.1321804374025133,0.0618111330960706,0.22329747307475467,0.0016826401038328926,0.0012199747990337944,0.002236996229355432,7.500165079251502e-4,4.579436624175817e-4,0.0011247932445593778,3.709505853373619e-4,1.6435612332344225e-4,6.722395998897025e-4,2.4070835882138803e-4,2.3976425598203725e-4,2.4165198286809524e-4,2.5162787099787743e-4,2.1800415570429375e-5,5.898297827139634e-4,7.152408633693747e-4,1.287205596244865e-4,0.0019376370485855183,0.0012259383439824345,1.1471735001864979e-4,0.00209587976777557,2.4070835882138803e-4,2.3976425598203725e-4,2.4165198286809524e-4,0.002192807078349695,0.0016414709113496179,0.002838379640968485,0.0019411792073518138,0.001288620536692595,0.0026550461766146178,0.3932735315394746,0.20795287336261306,0.5447030495291342,0.3174728449957395,0.16792273016648548,0.4396550164857951,0.2892536234647859,0.015162660301417495,0.6241197105342248,1,1,1,0,0,0,0.12,0.12,0.12,0.85,0.85,0.85,0.85,0.85,0.85,0.5,0.5,0.5,0.995,0.995,0.995,0.5,0.5,0.5
Chandigarh,0.0022659560601005196,0.001469793318432032,0.003183289136549813,0.09785613989285061,0.09277899649287882,0.09994154489382208,0.8743234481466853,0.7746181497664195,0.9156727202788005,0.6895482252285464,0.315469143713093,0.9824548901358466,1.4261325710917587,0.8938269670265814,2.3120398800749733,11.884090922818684,3.2400451700970065,40.953048021263804,0.003592742821967919,0.0028136216134873465,0.004480778738670996,11.72911906155926,3.1183677604255453,39.19514788114169,0.199144127790573,0.10512625420386051,0.2949856789279688,0.734589227232153,0.5094690591991983,0.9863658381772388,0.5335362200224205,0.14187531103330067,0.8362164172333418,0.9711279520395641,0.2920409846457959,1.480519431639372,0.3068889977399952,0.030447100882179914,0.7144933055772249,0.20094049920155696,0.10680255786393145,0.29671450500190844,0.32094049920155693,0.22680255786393147,0.41671450500190843,0.32094049920155693,0.22680255786393147,0.41671450500190843,17.352268715136486,4.623162122094406,58.35610460180796,9.166434286269007,2.095638522593187,34.38472967549923,1.4945144460522966,0.17873349860865875,6.044010338573536,0.7507712439175154,0.5524929670708596,0.9030819109745836,0.12498505608443414,0.024303041371988396,0.28352936636597165,0.12424369999805049,0.02668138357252298,0.28315004337929506,0.001701154250101976,0.0010064659679857558,0.0025255360994057077,2.8298287834342017e-4,5.475587369619056e-5,6.797848064548579e-4,2.8181893165511485e-4,5.4775401656990765e-5,6.935667932233233e-4,0.0012296053193704846,0.0012081518706527435,0.0012517380991013728,6.183039674260295e-5,6.131157843551527e-6,1.4559795212000477e-4,8.527650772323088e-5,2.2903274051110233e-5,2.5985712221935183e-4,1.9758316255899836e-4,9.36589396522696e-6,5.756762535642225e-4,0.0012296053193704846,0.0012081518706527435,0.0012517380991013728,3.446900670248326e-4,1.3357488016739548e-4,7.370702538533288e-4,2.828596702822293e-4,6.125286008259594e-5,6.896389706653964e-4,0.8743234481466853,0.7746181497664195,0.9156727202788005,0.07974778528304105,0.07003026000584116,0.08648538433739739,0.045928766570273664,0.0015168516388316274,0.15392049968946553,1,1,1,0,0,0,0.12,0.12,0.12,0.85,0.85,0.85,0.85,0.85,0.85,0.5,0.5,0.5,0.995,0.995,0.995,0.5,0.5,0.5
Chhattisgarh,0.0020307841153443073,0.0014599677525029423,0.0026887216537359814,0.0998876718825821,0.09958339317319648,0.09999733226198597,0.6695205425624314,0.5473419994813834,0.7159746402443455,0.8193931774937195,0.4790869360641434,0.9946302544399349,0.6653836741924064,0.462978394179008,0.9553798197124737,5.685292816868423,2.1310683361167753,14.01524637298574,0.00594308737060037,0.005565233470010936,0.006305082641250505,11.253740627820108,3.0151798186856493,37.090257346726794,0.1997638527254994,0.10472252650794757,0.2949915154614726,0.7301197157100093,0.508341936025093,0.9861928472046663,0.5479637931277715,0.15303191324792148,0.8362616845715745,1.1676164260772872,0.5940943378306759,1.4867199219889393,0.23622666992297678,0.020892281795204838,0.6187640156750557,0.2027353964107996,0.10756547897031757,0.29794400929542675,0.3227353964107996,0.2275654789703176,0.4179440092954267,0.3227353964107996,0.2275654789703176,0.4179440092954267,12.234311364301647,3.2422222911322,40.944872722409045,9.262275179023227,3.1958117398078976,23.606725976939686,0.7371343486992704,0.10062851193032325,2.417198768782733,0.8216863236252281,0.6940604002517603,0.9166955051104169,0.11227165553248561,0.03781635888296288,0.22358097290619972,0.06604202084228626,0.014252480314017067,0.15359710263060397,0.0016688824361997874,0.0011598823073291787,0.0022834422458611323,2.278855883700887e-4,7.282621424157311e-5,4.7485048457336204e-4,1.3401609077442429e-4,2.7140268961432215e-5,3.2555560271564833e-4,4.5517596348157235e-4,4.524992215316963e-4,4.579593713203e-4,1.2495770849410537e-4,1.116111560496555e-5,3.280510301604133e-4,1.7097857308315262e-4,7.699886654155327e-5,3.402969107974981e-4,8.055565568242271e-5,1.91370722867369e-6,3.069224891310511e-4,4.5517596348157235e-4,4.524992215316963e-4,4.579593713203e-4,3.7649193725968405e-4,2.120634204720445e-4,6.535110535101047e-4,2.5153422876557634e-4,1.0995596936700876e-4,5.454439498160798e-4,0.6695205425624314,0.5473419994813834,0.7159746402443455,0.26438801521271305,0.21630754238620908,0.28307131936269986,0.06609144222485547,0.0015189212100181584,0.23502475672234346,1,1,1,0,0,0,0.12,0.12,0.12,0.85,0.85,0.85,0.85,0.85,0.85,0.5,0.5,0.5,0.995,0.995,0.995,0.5,0.5,0.5
Delhi,0.003876756354453873,0.0026217216745434762,0.005396367542712057,0.02491925483038313,0.022068915979124984,0.027743599072200767,0.7118912005210524,0.6351685347065615,0.7401420877950222,0.8747962313973283,0.6102038518553353,0.9957259564996401,1.409911770316629,0.9072760439567796,2.191939279548449,4.847454538950418,2.1314590553494073,10.530461823378108,0.003191041745787248,0.002845728841925992,0.003530914716669313,6.881475849036632,2.6745393297638937,17.251182285388495,0.19805999373519356,0.10393359882562085,0.29396317250189885,0.7280600529913491,0.5120775415780138,0.9804764086357051,0.5469750641420222,0.15056214250503414,0.8389999228927482,1.1923606674072924,0.6521229466422095,1.4887843133687064,0.21213428536761525,0.017035712131741692,0.5761864543515399,0.1996555146080872,0.10553153618999285,0.29554264854320117,0.31965551460808717,0.22553153618999286,0.4155426485432011,0.31965551460808717,0.22553153618999286,0.4155426485432011,9.39168706268126,3.6411593862084004,23.446912314185433,3.8705058178263845,1.4954106042317798,8.690384933458546,0.8243317290945545,0.21033223977287877,2.152173510929974,0.6587599810761109,0.492910181861265,0.8060521691642202,0.19941221091157119,0.08671342350604556,0.349000779039399,0.141827808012318,0.0501795719708721,0.26607266367538057,0.0025540120938767675,0.001572108964461848,0.0037357037695416,7.718694260693207e-4,3.12612746254986e-4,0.0014859614239962277,5.508748345077765e-4,1.7609194990248725e-4,0.0011344212749702552,0.0013902094406170555,0.0013850061453217506,0.0013952265796680183,2.9762199761250983e-4,2.3873879526783588e-5,8.095454239547575e-4,4.7691962244030445e-4,2.3699128670292874e-4,8.552543449850525e-4,1.8499944934731273e-4,5.173162060653775e-6,6.336004028386692e-4,0.0013902094406170555,0.0013850061453217506,0.0013952265796680183,9.595410694001349e-4,5.882927788619835e-4,0.0015256044784097602,6.619190717876201e-4,3.196450065641255e-4,0.0012297865264441412,0.7118912005210524,0.6351685347065615,0.7401420877950222,0.24910693574521967,0.22259158656981437,0.2592301401670386,0.039001863733727965,0.0011144350879404644,0.1423302179880465,1,1,1,0,0,0,0.12,0.12,0.12,0.85,0.85,0.85,0.85,0.85,0.85,0.5,0.5,0.5,0.995,0.995,0.995,0.5,0.5,0.5
Gujarat,0.0012815327321706003,8.68643402344116e-4,0.0017687970447521633,0.06304938317334961,0.060767684028271714,0.06528074462317457,0.6350103903634423,0.5675210882104202,0.6582610643307194,0.9064553395398287,0.6773473977480652,0.9972016580372147,1.8928114429402767,1.2228049963756742,2.867923504215324,19.169866955241904,5.289463221372343,62.49370017205058,0.007394715937946131,0.007056288650226781,0.00771519610025876,12.938978995566362,4.488296178493634,35.125736581070825,0.19985832187709715,0.10465792079776037,0.29538493137164773,0.726350287773415,0.5124520399306719,0.9833851715840576,0.5539502681017733,0.14925562389665842,0.8384621690551668,1.3230344890117292,0.9763998239914771,1.4944719228163434,0.11767344995637767,0.009987666630276126,0.3414763455751062,0.20355567984607023,0.10838921451356402,0.29911503781935656,0.3235556798460702,0.22838921451356403,0.4191150378193565,0.3235556798460702,0.22838921451356403,0.4191150378193565,13.61913039535275,4.69897953805139,36.90024410145385,10.85340144472285,2.598600068756927,36.091204271619695,1.92771615683153,0.25451622052540124,6.988294376695992,0.7596408030157265,0.5879023426981581,0.8945801579878869,0.1050634241688864,0.022613248429884904,0.24505358361123442,0.1352957728153871,0.04067962030370382,0.2762135114773239,9.739231025155218e-4,6.156769887463073e-4,0.0014233499665493381,1.345568068735071e-4,2.761601354282836e-5,3.252660604146726e-4,1.7305282278156297e-4,4.867958111726064e-5,3.7543427605739077e-4,6.728148174447273e-4,6.706941445222625e-4,6.750059898863347e-4,1.5038249693469908e-4,1.2746571326536988e-5,4.362432061567223e-4,4.0934531573215974e-4,2.87136593154108e-4,5.737902253199364e-4,6.082703711832129e-5,1.8135270198943888e-6,2.23172364015052e-4,6.728148174447273e-4,6.706941445222625e-4,6.750059898863347e-4,6.205548497851837e-4,4.5832260780811595e-4,8.751852574875768e-4,4.7017235285048184e-4,3.214530337075888e-4,6.87481680692599e-4,0.6350103903634423,0.5675210882104202,0.6582610643307194,0.32873888403587675,0.29316738723805447,0.3409048032989867,0.03625072560068096,9.541950098802862e-4,0.1395130291190861,1,1,1,0,0,0,0.12,0.12,0.12,0.85,0.85,0.85,0.85,0.85,0.85,0.5,0.5,0.5,0.995,0.995,0.995,0.5,0.5,0.5
Haryana,0.0039743023782348496,0.0024683384808976416,0.005787800212833689,0.015479075706880317,0.012173150996227528,0.01886664991323524,0.6609227291791905,0.5432549356904592,0.7049873956877508,0.8286801049064049,0.4928338219905324,0.9941130234069581,0.9879366611225628,0.5708937700872864,1.680042524080822,2.2178468693039273,0.9337090926488127,4.903329430124546,0.003204363634618821,0.0028009709512422307,0.0035975411148403058,10.548633265125524,1.9340777634920547,43.33031996538387,0.19981994982779097,0.1054937019639208,0.2942234534310774,0.7297504068493151,0.5083329391229569,0.9869147671632477,0.5426432831673851,0.15022987291525913,0.8401921204868332,1.1535276645010661,0.5789482748156297,1.4883195542066405,0.23554334544810637,0.018110220601781427,0.6218097690190718,0.2014221316451004,0.10704324575153118,0.29580531358568096,0.32142213164510036,0.22704324575153118,0.415805313585681,0.32142213164510036,0.22704324575153118,0.415805313585681,11.792124369919366,2.15777213664329,48.417203431034864,2.802249454688259,0.9689827379461191,6.810206059597789,0.3878497427825423,0.03854301971570958,1.2935468945631734,0.6392026768985243,0.4346360192353911,0.8162873815576424,0.2723396465625585,0.11548117432839224,0.4745654330157826,0.08845767653891723,0.012448462206011972,0.23043499839140447,0.0025380040089359717,0.0013928286750698594,0.003968867349856097,0.0010849090349387344,4.080175805805628e-4,0.0021466448773597097,3.5138933436013736e-4,4.439260903712204e-5,9.733740739753344e-4,7.778304495222068e-4,7.742830614816958e-4,7.814145665530453e-4,2.7449201177287026e-4,2.1077561124016302e-5,7.249041235978932e-4,4.050710297850806e-4,1.8858970445949401e-4,7.711226111284896e-4,1.7281237852888364e-4,4.558101120865135e-6,6.593621057482668e-4,7.778304495222068e-4,7.742830614816958e-4,7.814145665530453e-4,8.523754200868418e-4,5.00153222265375e-4,0.0014588888453113803,5.77883408313967e-4,2.57733407839356e-4,0.0011798141327548993,0.6609227291791905,0.5432549356904592,0.7049873956877508,0.2749783575746573,0.2250867711922056,0.2935694527362574,0.06409891324615227,0.0017354757312272187,0.23182233694790783,1,1,1,0,0,0,0.12,0.12,0.12,0.85,0.85,0.85,0.85,0.85,0.85,0.5,0.5,0.5,0.995,0.995,0.995,0.5,0.5,0.5
Himachal_Pradesh,0.0010972356793317317,6.716507056278772e-4,0.0016276171464483515,0.09232609969848364,0.08513388355011643,0.0986245184654179,0.8051613452310266,0.5866486003304204,0.9109143401726866,0.47569725687816955,0.13277747260578981,0.9527158097162127,2.8626418615752733,1.6059233990485804,5.126284007606579,34.79134215326072,6.594972826653226,144.34701549492536,0.013385289467969587,0.01253037553920525,0.014193404541084687,7.159182896707199,2.9965422571946716,17.084516999540153,0.19922394870653842,0.10519540777669764,0.29395037299093807,0.7427082681903728,0.5105254240302072,0.9874260379086313,0.47728872614950907,0.11843708674814983,0.8358858338247985,0.7459577941619377,0.1549100810332355,1.4420506047597677,0.3079112412991278,0.02605910777552633,0.739487545978182,0.2059165934405232,0.11199545326253765,0.3007036719545251,0.3259165934405232,0.23199545326253765,0.42070367195452507,0.3259165934405232,0.23199545326253765,0.42070367195452507,7.745798853982155,3.18961049793862,18.530015387529595,13.301845989850694,2.1487461870120503,58.892947844687995,5.668084224646444,0.7281964901884096,24.802094206423607,0.6386961854413628,0.429141386803728,0.821312412024198,0.09013311294774994,0.012193604568716479,0.23182934436919767,0.27117070161088735,0.1129470787591482,0.46970552670034227,7.010606210682748e-4,3.693094378305745e-4,0.0011305074335026003,9.851822930485933e-5,1.2360379635967352e-5,2.7064717902281827e-4,2.9765682895858904e-4,1.0537305389424326e-4,5.739023030082047e-4,9.304086076390923e-4,9.225725794954513e-4,9.382565057118834e-4,9.116577343360835e-5,7.776758661973983e-6,2.1921876638801823e-4,2.0000995692414148e-4,3.9521572809373416e-5,6.909071001645194e-4,4.90461019152918e-4,4.8022127543454593e-5,0.0011994773263751645,9.304086076390923e-4,9.225725794954513e-4,9.382565057118834e-4,7.816367495106733e-4,3.0310767760324673e-4,0.0014942412172227147,6.904709760770627e-4,1.9146146339127026e-4,0.0014068819978243546,0.8051613452310266,0.5866486003304204,0.9109143401726866,0.07510868986487108,0.054772765110799856,0.08515693680641287,0.11972996490410237,0.0041939108170836355,0.35837254963033494,1,1,1,0,0,0,0.12,0.12,0.12,0.85,0.85,0.85,0.85,0.85,0.85,0.5,0.5,0.5,0.995,0.995,0.995,0.5,0.5,0.5
Jammu_and_Kashmir,0.001619105264981542,9.955460155906307e-4,0.002416585862462193,0.09780704457210464,0.09308081921803531,0.09992373465023223,0.7048281630328729,0.41319974935970255,0.886061061234642,0.3244625237530556,0.07324496098419316,0.8089502438758813,0.9006959620798641,0.4683752013047784,1.6918199182495675,11.709472738498867,1.875763747604646,44.95573957262071,0.003910170890919534,0.0035833351854249553,0.004246967228558804,2.070846011713368,0.7979949098199746,4.923633348786822,0.20000295705569146,0.10506051422958723,0.2940801523445603,0.7540171005039439,0.51043243756046,0.9882284668798481,0.437236866623414,0.11466732875610205,0.8208183944648142,0.6247593284737726,0.08482646440887535,1.4227241799034724,0.29916078286474973,0.029360850652744394,0.7131632966721071,0.2019580425011512,0.1070264522457703,0.2961506233110279,0.32195804250115123,0.2270264522457703,0.416150623311028,0.32195804250115123,0.2270264522457703,0.416150623311028,2.4726725789046444,0.929746124928289,5.974319201485813,14.653126277393353,2.158272846088499,55.307770034266255,6.015463692605598,0.7205927207493704,24.640050705361883,0.6423152084953095,0.43177768151193574,0.8312895708963108,0.09164151258826364,0.012839042888363824,0.23618924091310683,0.2660432789164269,0.10658204368113079,0.47713063447363135,0.0010403403542167575,5.553707301687875e-4,0.0016994405400226128,1.487022057344937e-4,1.9004407641577716e-5,4.1979927665605044e-4,4.300627050302815e-4,1.4905210952099624e-4,8.628120299360376e-4,3.3677704237553273e-4,3.3350480846431674e-4,3.4007408992596695e-4,3.1456724994302946e-5,3.0806983038664998e-6,7.514547632840069e-5,1.0668867893086341e-4,1.6327720125770855e-5,4.4661709898479926e-4,6.250125486409539e-4,1.5386332576331475e-4,0.0013254457978729593,3.3677704237553273e-4,3.3350480846431674e-4,3.4007408992596695e-4,7.631579525661221e-4,2.943926525492985e-4,0.0014473410180191693,7.317012275718191e-4,2.620957848318148e-4,0.0014190637220654972,0.7048281630328729,0.41319974935970255,0.886061061234642,0.07384605490304587,0.04316173462104399,0.09304924111371159,0.2213257820640812,0.021951879064207622,0.5445017627311929,1,1,1,0,0,0,0.12,0.12,0.12,0.85,0.85,0.85,0.85,0.85,0.85,0.5,0.5,0.5,0.995,0.995,0.995,0.5,0.5,0.5
Jharkhand,0.0026496049797630873,0.0018835981525556528,0.0035497434263883,0.020601280227214705,0.016770939441947547,0.024483230744671274,0.6198625370754904,0.4366822100852254,0.7138180593567127,0.6746999165109903,0.3029672144262727,0.9767959874066662,0.861188008933399,0.5691572199684435,1.3232987124192979,2.0343924090929053,1.0587221741791013,3.8195630468356065,0.005242687998599408,0.004866417794101594,0.005610640296823627,9.858008372960517,2.593734974440282,32.06817219689688,0.20089748026159676,0.10514141205973918,0.29530654991148114,0.7389065506637609,0.511173713960726,0.9853384737871314,0.5049541396022476,0.1317705559631752,0.8361647919278629,0.8916150829490764,0.3136850355071965,1.456298825167973,0.3238516559629029,0.031896477435985025,0.7403620048754431,0.20351882426089646,0.10776143823458487,0.29793405329535516,0.32351882426089645,0.22776143823458486,0.41793405329535527,0.32351882426089645,0.22776143823458486,0.41793405329535527,10.613771818299535,2.767938907716284,34.466700165945646,2.8465725955967063,1.3501696085140886,5.613299633236463,0.29754612142317366,0.051792849348635595,0.8366211465046982,0.6710852256188232,0.5267445200921902,0.7995843858126228,0.25917917801048473,0.1392244097314419,0.3985198230661074,0.06973559637069203,0.015163980516400836,0.1659009363367995,0.0017775734279340432,0.0011596994590758992,0.002483069310817023,6.86943573894757e-4,3.3334041536089e-4,0.001160296532148215,1.8508797793427957e-4,3.8327629855520246e-5,4.563660466256934e-4,4.764972379663152e-4,4.7408457604114225e-4,4.7896006061533725e-4,2.2283658587353723e-4,2.1968266775629552e-5,5.095574792291783e-4,3.117258131470485e-4,8.581937097634456e-5,8.084770927608773e-4,3.2379801747196184e-4,1.8067188237690783e-5,8.783002687627289e-4,4.764972379663152e-4,4.7408457604114225e-4,4.7896006061533725e-4,8.583604164925558e-4,4.84010150866514e-4,0.0014135590984843249,6.355238306190144e-4,1.8574994773692775e-4,0.0012349715750544607,0.6198625370754904,0.4366822100852254,0.7138180593567127,0.24264209668279443,0.17070225895493188,0.27976171184885545,0.13749536624171507,0.006656952017958103,0.392045448381842,1,1,1,0,0,0,0.12,0.12,0.12,0.85,0.85,0.85,0.85,0.85,0.85,0.5,0.5,0.5,0.995,0.995,0.995,0.5,0.5,0.5
Karnataka,0.004501241066411838,0.0034907627688660937,0.005649399707872982,0.08132990012285164,0.07814997831614356,0.08449445988484042,0.7440043061554451,0.6452624732178163,0.7817397713576006,0.8257858311288815,0.5038357628491905,0.9936304253832479,0.690053457885923,0.42306795488523563,1.10910067366296,0.8477300629717925,0.49330813460454187,1.4981186735432317,0.003406029206591714,0.003135330432529075,0.0036767128741715858,1.1914803785780894,0.5925652781460687,2.3631927180791568,0.20232943528195887,0.10615548228649264,0.29562860617134445,0.7317432846097944,0.5133075028114823,0.9846092158113098,0.5482358163152213,0.15986618313987855,0.834227638434938,1.1851542767850103,0.6376847085343939,1.488154112553481,0.22438695471582007,0.019142030017459847,0.615934443819438,0.20403244988525474,0.10789482273391636,0.29734297973072554,0.32403244988525476,0.22789482273391634,0.4173429797307256,0.32403244988525476,0.22789482273391634,0.4173429797307256,1.2993823453331181,0.642958009177946,2.5901216863835606,1.6870669900790802,0.8028848925064432,3.247211024824302,0.659897173139872,0.24295828382297538,1.4449040157595292,0.4923835105755005,0.3433232486879363,0.6456183379026841,0.3152844054558288,0.1839741358361191,0.45833761009445223,0.19233208396867071,0.0896846211573932,0.3259466616192117,0.0022174930504402445,0.0014016907258430251,0.0031234422604716396,0.0014188534404316457,7.771624484847293e-4,0.002206655482778069,8.648945755399443e-4,3.8405392108133255e-4,0.0015282086696957785,4.4374339095439735e-4,4.41961301864476e-4,4.455928928778595e-4,8.637700369137601e-5,7.3922634112465635e-6,2.3687515341912376e-4,1.2473077090720868e-4,5.8474279924452334e-5,2.2250247137702708e-4,5.462714005700303e-5,1.5986310368781055e-6,2.0453720751824927e-4,4.4374339095439735e-4,4.41961301864476e-4,4.455928928778595e-4,2.657349146555889e-4,1.5406666142819475e-4,4.5690056262234454e-4,1.7935791096421167e-4,8.207605632686938e-5,3.6347283521532295e-4,0.7440043061554451,0.6452624732178163,0.7817397713576006,0.20637426636378556,0.17898335737382232,0.21710800654960358,0.049621427480769385,0.0013879960349015875,0.1758660894095193,1,1,1,0,0,0,0.12,0.12,0.12,0.85,0.85,0.85,0.85,0.85,0.85,0.5,0.5,0.5,0.995,0.995,0.995,0.5,0.5,0.5
Kerala,9.671324317035466e-4,5.375851866292673e-4,0.0015106337155568062,0.06557839794178759,0.059792194680359845,0.0712979747099531,0.7509940847258901,0.5981339137884462,0.8026114294012195,0.7743641938195566,0.36313331376301894,0.9931783384990596,1.0721302079474166,0.5623026212484862,2.0251524748678538,8.955381659670156,1.659037779613995,37.26980259775214,0.0020863455831645877,0.0019477524745721488,0.002222592193785195,4.2219468177781945,1.1692093629857427,13.554108589758519,0.19896841243806268,0.10493798647774605,0.2942906909047436,0.7334658289929943,0.5099983125082512,0.9846898109973315,0.5374900294009277,0.1450113236990551,0.8368181436498112,1.1094764013226615,0.48387392518932687,1.4832512839473546,0.2543026889754227,0.019662500598876538,0.6601825235351957,0.200011585229645,0.10598101923238085,0.29533798760548985,0.32001158522964496,0.22598101923238087,0.41533798760548984,0.32001158522964496,0.22598101923238087,0.41533798760548984,4.435011559787529,1.226145718984659,14.177905316507877,9.818154352382347,1.4125966129719356,41.84851006014279,2.9304558857765666,0.23455240064515956,13.205616436810635,0.669093445473176,0.43269192162088277,0.8718568687685383,0.13459079261396573,0.01846217878634645,0.3395641823666562,0.1963157619128583,0.04676690861852266,0.41860503368793,6.474544247605218e-4,3.1112973304737475e-4,0.0011041421877239698,1.3015949100244595e-4,1.598414572230646e-5,3.5725257282145673e-4,1.8951851594057126e-4,4.082146950509901e-5,4.6104429598829797e-4,2.6064554216811595e-4,2.58785975625519e-4,2.625185306571095e-4,5.65181367729549e-5,4.353330242680984e-6,1.4611449097894248e-4,7.855573433645942e-5,3.0553575195119586e-5,1.7213616883172253e-4,4.912503340751852e-5,1.0079549022650032e-6,1.9740936555998428e-4,2.6064554216811595e-4,2.58785975625519e-4,2.625185306571095e-4,1.8419890451693062e-4,9.665037032293779e-5,3.642225377305083e-4,1.2768076774397684e-4,4.6897328818883954e-5,2.934276192700928e-4,0.7509940847258901,0.5981339137884462,0.8026114294012195,0.1837286222888534,0.1461146648271674,0.19717902165570655,0.06527729298525645,0.0013472199598928848,0.2561327106611743,1,1,1,0,0,0,0.12,0.12,0.12,0.85,0.85,0.85,0.85,0.85,0.85,0.5,0.5,0.5,0.995,0.995,0.995,0.5,0.5,0.5
Madhya_Pradesh,0.0012285916951394976,9.21535728545889e-4,0.0015775206095598642,0.030636632216363164,0.028246866324515896,0.03303922044346472,0.6942767339047561,0.616810090550898,0.7222633242029745,0.8807171967927272,0.6183721899069969,0.9968663827445401,1.6443020845563276,1.206137546795664,2.23934594676339,8.62943550572634,4.492628978693907,16.075681146545627,0.010478665275444709,0.010115310079308937,0.010812820219879003,25.227103787285806,8.617627223068737,67.87243806976633,0.19891828437549405,0.10546176128726446,0.29599193346096353,0.7224645115740002,0.5073606015564271,0.9811761358301262,0.5559080218016986,0.16638956155808315,0.8375782579024719,1.2743574033086862,0.8308756583406979,1.4910823753738927,0.1582413608219651,0.015430727263110169,0.45733196906288265,0.2041576170132164,0.11071658804184702,0.3011208798767057,0.3241576170132164,0.23071658804184703,0.4211208798767057,0.3241576170132164,0.23071658804184703,0.4211208798767057,27.35316099407813,9.345876909749617,73.71562387093763,5.562042810358997,2.706324793751833,10.871670899306157,0.442243074798067,0.10614420139432368,1.146846833989173,0.7818350231434085,0.6737196369922162,0.8721552345159752,0.15578652562587764,0.07943116089344798,0.2542654531651757,0.06237845123071387,0.018075221928308405,0.1341992483950478,9.606894090142583e-4,6.974598155129746e-4,0.0012666955916552838,1.9122975553306662e-4,9.402099932372789e-5,3.270629407800245e-4,7.667253059216473e-5,2.139088002225341e-5,1.6963067992509478e-4,6.52678679596402e-4,6.505074291551611e-4,6.549057230993217e-4,1.3790798350609828e-4,1.3508334718007368e-5,3.987690672558469e-4,2.875238535045871e-4,1.79197737467254e-4,4.45333839202047e-4,6.349806651682739e-5,1.524389007415843e-6,2.2781452988832531e-4,6.52678679596402e-4,6.505074291551611e-4,6.549057230993217e-4,4.889299035275163e-4,3.337444339356222e-4,7.425807905220205e-4,3.510219200214153e-4,2.133906488255285e-4,5.707854123165565e-4,0.6942767339047561,0.616810090550898,0.7222633242029745,0.26629414170265836,0.23671887596631988,0.2772700891272819,0.03942912439258558,8.728328243643858e-4,0.14619944303142574,1,1,1,0,0,0,0.12,0.12,0.12,0.85,0.85,0.85,0.85,0.85,0.85,0.5,0.5,0.5,0.995,0.995,0.995,0.5,0.5,0.5
Maharashtra,5.709904322799358e-4,4.1553022455914374e-4,7.430490913177195e-4,0.0689210041466921,0.06691173371699981,0.07088330043550499,0.5884059714270853,0.5174531736151258,0.6159044709018578,0.8940995515000622,0.6670822585287004,0.99614815034297,4.029146392841639,2.7514455525475907,5.921437576440369,11.32675662363285,6.073457849360459,21.52873013471689,0.008624111143212506,0.00844483678184973,0.008795835981225858,11.03831780470727,5.770838626291782,21.241841288798717,0.1993681952430151,0.10474157807041168,0.2950679875649282,0.730246099023106,0.5113081856098536,0.9843328202536493,0.5445380754117075,0.14717456396222547,0.8378968079919362,1.278750910167252,0.8724367011855665,1.4932739904262977,0.1599245276957549,0.011911285841682261,0.43241055454400595,0.20368025081462138,0.10905584857352779,0.29940030690888775,0.3236802508146214,0.22905584857352781,0.4194003069088877,0.3236802508146214,0.22905584857352781,0.4194003069088877,12.352428655115615,6.439057716995533,23.88919230114618,2.9805416333795054,1.3998728713598942,5.823674537220711,1.1174449364647057,0.39452584538027397,2.4582250985782603,0.5735864221129192,0.4333700667336247,0.7017119150504544,0.21261320252628446,0.11014056490328353,0.33544883542281323,0.2138003753607964,0.10670042521022986,0.34128140187566924,3.274895102642722e-4,2.1481736029259975e-4,4.5797034377225153e-4,1.2142459229211621e-4,5.786463579524008e-5,2.0464407727181202e-4,1.2207632972354107e-4,5.7739670302047765e-5,2.077328470862513e-4,4.750772367999264e-4,4.7379704374078023e-4,4.764266030396743e-4,1.5344972023057578e-4,1.1462952307004819e-5,4.164830761687408e-4,3.0492233811225055e-4,1.8811615342179225e-4,4.6981561051868666e-4,6.272960381689892e-5,2.0389716168675077e-6,2.1277728764718657e-4,4.750772367999264e-4,4.7379704374078023e-4,4.764266030396743e-4,5.21101662159729e-4,3.6618330344403147e-4,7.446209358422085e-4,3.6765194192915043e-4,2.22509825893166e-4,5.82609948880861e-4,0.5884059714270853,0.5174531736151258,0.6159044709018578,0.3656077627716282,0.32185047983844695,0.38279844957580206,0.045986265801286494,0.0014815638851734879,0.16080730733084034,1,1,1,0,0,0,0.12,0.12,0.12,0.85,0.85,0.85,0.85,0.85,0.85,0.5,0.5,0.5,0.995,0.995,0.995,0.5,0.5,0.5
Manipur,0.00212483884881236,0.001502953123880997,0.0028403455043266705,0.09922477688690666,0.09718528376242079,0.09998374485554797,0.6846994406247053,0.5097498875635242,0.7554651219507874,0.7426522675469351,0.33755971191152134,0.9911004092918013,0.5981161710877078,0.37669969960510813,0.930263895474948,1.615588277669538,0.7622622577132023,3.2652960925329664,0.0032699850386741004,0.0028012355453852565,0.003808178328136145,1.3925098841118468,0.6785290100444159,2.795836364999696,0.2025156097532524,0.10511630799086176,0.29465387072747906,0.7316667374223532,0.5105667851318533,0.9876054713327804,0.5396288020369834,0.1434240878724759,0.8358025812004937,1.0576520998795977,0.41045874627100726,1.4802673482126736,0.2854836441003361,0.025686622072744393,0.7017851846020944,0.20415060227258944,0.10670222771457454,0.2962700826917305,0.3241506022725894,0.22670222771457454,0.41627008269173044,0.3241506022725894,0.22670222771457454,0.41627008269173044,1.5761956768871086,0.7598759509856436,3.1394854392678258,3.2604180243604888,1.3995356216042178,7.057299186910642,1.1154242703216148,0.3646820920915936,2.6307649283801533,0.5917876209611733,0.4441718136937865,0.7317258879373125,0.20623968515257832,0.09745997376116755,0.34323587501452435,0.20197269388624836,0.09705447233764197,0.331020445143249,0.0012580189287420078,8.063131291661564e-4,0.0018143368949111796,4.379107563998005e-4,1.9179036145134325e-4,7.835333869848263e-4,4.289091636705418e-4,1.91584848392768e-4,7.642466553967488e-4,2.5042219732187226e-4,2.4350450688750776e-4,2.575095688069457e-4,6.044164326033427e-5,5.332421260111329e-6,1.4929473692477352e-4,7.599905131563692e-5,2.553152993908879e-5,1.8308662811068475e-4,7.186567028624669e-5,1.540643435242134e-6,2.523534626256325e-4,2.5042219732187226e-4,2.4350450688750776e-4,2.575095688069457e-4,2.0830636486221619e-4,9.936588219673004e-5,4.110904162616845e-4,1.4786472160188254e-4,4.691402396216927e-5,3.581653205919211e-4,0.6846994406247053,0.5097498875635242,0.7554651219507874,0.2222176284513941,0.16481946423731483,0.24985272974109382,0.09308293092390059,0.0021958842795735843,0.3247904285219472,1,1,1,0,0,0,0.12,0.12,0.12,0.85,0.85,0.85,0.85,0.85,0.85,0.5,0.5,0.5,0.995,0.995,0.995,0.5,0.5,0.5
Meghalaya,0.0022204668570710725,0.0015843483148130816,0.002991847239671414,0.09123874280896924,0.08006121935842359,0.09935849311842655,0.8239942248605063,0.7189373482121559,0.8647377777668253,0.7714760234839686,0.3969835252469376,0.9914118709304107,1.013195021896402,0.6606348465274083,1.5549496575579917,2.889604546649984,1.4014431676539574,5.9766470139077255,0.002600993832176669,0.0022244353794241265,0.0030202586379509395,2.698141754534537,1.3153928334789264,5.403160096204707,0.2005133576700147,0.10539418726557381,0.2945200917671664,0.7315455973891425,0.5075511011724265,0.9859049847548056,0.5412772858829384,0.14720984880897964,0.8395848212023672,1.1235259362175525,0.5266639905895906,1.4846327212194061,0.255953211278225,0.021202654183326564,0.6616616463120353,0.20181385458610304,0.10671719015514176,0.2958427638454896,0.321813854586103,0.22671719015514175,0.41584276384548957,0.321813854586103,0.22671719015514175,0.41584276384548957,3.084249937052121,1.491639568948059,6.185048899267411,3.2425263955412436,1.4106632699571222,6.962677654897623,1.109989373062818,0.3635782439035391,2.707127942566139,0.5910752682835825,0.435570712361759,0.736943724981978,0.20643611742904872,0.09559971995325538,0.33806063321245267,0.20248861428736875,0.09584072427121099,0.34098755798111907,0.0013126035198654305,8.328567690605757e-4,0.0018828472675421599,4.5901992780265086e-4,1.9896562713828225e-4,8.264067723346507e-4,4.488434094029814e-4,1.9954175056711575e-4,7.970138443461986e-4,5.491204508750123e-4,5.405755684390883e-4,5.577086209971738e-4,8.174258976954301e-5,6.689960978744849e-6,2.1144482182948926e-4,1.0830148980125802e-4,4.200547852661912e-5,2.3397617325542801e-4,6.587553398185187e-5,1.7791570066710218e-6,2.3415937598558555e-4,5.491204508750123e-4,5.405755684390883e-4,5.577086209971738e-4,2.559196135526529e-4,1.3875589895353326e-4,4.5446991038778305e-4,1.7417702378310916e-4,6.642751186590675e-5,3.8134047875251515e-4,0.8239942248605063,0.7189373482121559,0.8647377777668253,0.12890307127159661,0.11135839498909458,0.13801315353189914,0.04710270386789702,0.0011530538955368832,0.1709318833309488,1,1,1,0,0,0,0.12,0.12,0.12,0.85,0.85,0.85,0.85,0.85,0.85,0.5,0.5,0.5,0.995,0.995,0.995,0.5,0.5,0.5
Nagaland,0.0023785580542111853,0.0017143668255608282,0.0031723514830383883,0.08872015701848343,0.0753839716297813,0.09899589709762413,0.7893847706299327,0.6899468734850741,0.8249612800727034,0.8238818360895768,0.4738085038959151,0.9946858726328256,1.2756051847281327,0.8298424962142692,1.9111828126709056,3.796956794800993,1.8219918356696956,7.749721606263709,0.003626688595498374,0.0030838073072044932,0.0042165453106100485,3.513933660510183,1.72225969955889,7.011851981298143,0.19894098337776475,0.10520753305424967,0.2942170697066976,0.7301955892551989,0.5109788028606824,0.9868978161008991,0.5510208231732739,0.15390290814527163,0.837150620629492,1.207122982530893,0.6684316386285344,1.4914565937285424,0.2134639754983391,0.01995728323043308,0.5689978256373025,0.20075432767551393,0.10707499288325295,0.2960306776744541,0.32075432767551393,0.22707499288325295,0.4160306776744542,0.32075432767551393,0.22707499288325295,0.4160306776744542,3.683521051324063,1.8083259959687785,7.3734804526079545,3.3212062075100226,1.395543896351815,7.109782686794869,1.138196564968592,0.37090575258874314,2.680436180325933,0.5926138339124991,0.4435084241825283,0.7378776688643772,0.20387648390597848,0.0962142450550983,0.34414501088083405,0.20350968218152243,0.09703706900406599,0.33341530153645565,0.0014085423630927597,9.126446685074912e-4,0.0020295411093710107,4.855887066619318e-4,2.07217359668836e-4,8.780808078542122e-4,4.8442698445648436e-4,2.12856049775482e-4,8.724765579616572e-4,7.61378775316662e-4,7.486341977663663e-4,7.744652471548618e-4,1.1087203728068079e-4,1.0455428954841249e-5,2.928949792196821e-4,1.654484413069621e-4,8.277554015750937e-5,2.932889760313218e-4,6.746037195502956e-5,1.944928160656245e-6,2.493703853662803e-4,7.61378775316662e-4,7.486341977663663e-4,7.744652471548618e-4,3.4378085054267526e-4,2.0942111634721173e-4,5.666311852095778e-4,2.3290881326199243e-4,1.1145201300599174e-4,4.495141587912678e-4,0.7893847706299327,0.6899468734850741,0.8249612800727034,0.1684930385050342,0.14688340694468535,0.17903663979257536,0.04212219086503304,9.386951723074916e-4,0.163153488754264,1,1,1,0,0,0,0.12,0.12,0.12,0.85,0.85,0.85,0.85,0.85,0.85,0.5,0.5,0.5,0.995,0.995,0.995,0.5,0.5,0.5
Odisha,6.876842045352379e-4,4.6427350992441874e-4,9.462653652057092e-4,0.04704025037225978,0.042855301486861,0.05103375245805218,0.8615601809934371,0.7513427434517059,0.8983154208125337,0.748878376739376,0.3389716800363654,0.9913847167885461,1.812415440238764,1.1891730144024093,2.7307293214949286,22.076609036111147,6.057200158636769,70.03465799563175,0.011708551181480061,0.011351088006894458,0.012056380796729965,10.861067027977692,4.220648832703794,27.72175777559807,0.1997672852088049,0.10424776518622463,0.29515953578578147,0.7315933164956218,0.5109334226151492,0.9819416266701257,0.5422516389606616,0.14600839331633747,0.8345223570214186,1.0928036377611938,0.4539306341043134,1.4838653040321126,0.2666762988112413,0.024957922649671147,0.6720540615751726,0.20562156079954494,0.11001924424309922,0.30100860834041027,0.3256215607995449,0.23001924424309922,0.4210086083404103,0.3256215607995449,0.23001924424309922,0.4210086083404103,11.434882957344758,4.464597130001355,29.123097334946575,12.846552954261503,3.23467439322971,42.919581120955115,2.4585889951592494,0.41097405352689814,8.769536848980659,0.7650563605489364,0.6061791529103351,0.8878638965065475,0.08794570849886427,0.01956054909688176,0.20161343045180044,0.1469979309521993,0.04985824279105417,0.2845321265230953,5.260333978620713e-4,3.3791294153387853e-4,7.627456633302757e-4,6.063161900777265e-5,1.2705787979522846e-5,1.4800660474874832e-4,1.0101918766539125e-4,3.188879625942075e-5,2.039007174919948e-4,4.920447296829743e-4,4.89746206878063e-4,4.943973543826818e-4,4.690200630838959e-5,4.35786767255694e-6,1.1821908983880827e-4,6.341346797290785e-5,2.5145856325116316e-5,1.4456313135550184e-4,4.997287957187283e-5,9.937038536144729e-7,1.9434662944672526e-4,4.920447296829743e-4,4.89746206878063e-4,4.943973543826818e-4,1.602883538531677e-4,7.995647071912605e-5,3.3005219792303e-4,1.1338634754477954e-4,3.890307587038616e-5,2.88951073072072e-4,0.8615601809934371,0.7513427434517059,0.8983154208125337,0.09677472108831893,0.08432481991732013,0.10148081263662707,0.04166509791824398,8.765038011057323e-4,0.16442644885304777,1,1,1,0,0,0,0.12,0.12,0.12,0.85,0.85,0.85,0.85,0.85,0.85,0.5,0.5,0.5,0.995,0.995,0.995,0.5,0.5,0.5
Punjab,0.0021717933402619935,0.0013922715103497243,0.0030754103664990934,0.054354864290935716,0.05037138737005392,0.058340301481171926,0.7123776476452136,0.5900934550226555,0.7594813106934607,0.8042614909814801,0.4533941053685686,0.9938606097591796,1.0009481318932063,0.6222751149677416,1.6363647072749696,8.0826819404574,2.20447943982679,27.285732180661864,0.0025113255772869474,0.002305680196662769,0.002720752724549033,7.864113117167977,2.134450738447273,25.50385846009513,0.19955191796831642,0.10556632090973359,0.2947076465197923,0.7320208827244249,0.5107055908759087,0.9829922790349128,0.5400775520359224,0.15026422832158257,0.8391307792790896,1.1316083743761112,0.547829209210052,1.4866836938576558,0.2548778989433386,0.024273546938428505,0.6340927573476809,0.20080758075695992,0.10681395463123254,0.2959353925135705,0.3208075807569599,0.22681395463123255,0.4159353925135705,0.3208075807569599,0.22681395463123255,0.4159353925135705,8.62847219898646,2.343863922857386,28.58275077442796,8.93068346344935,2.165167032054777,30.240001353112586,1.462162740889329,0.1691644328282176,5.802401198811618,0.752107244934401,0.5631971492321953,0.8970956492671891,0.12511910325818584,0.02764116066226269,0.2761036143186399,0.12277365180741324,0.027510842874861247,0.27630502755637004,0.0016331818464680348,9.6103500898766e-4,0.0024275410789881715,2.714287215503313e-4,5.440303086419084e-5,6.614079613873377e-4,2.6718277224361907e-4,5.557240070235757e-5,6.490869782329278e-4,6.342469439799247e-4,6.31177230630829e-4,0.00063728632899194245,1.6997562301868858e-4,1.6174265948270887e-5,4.225246297611025e-4,2.2850235387827757e-4,9.958608988424988e-5,4.6661738168283156e-4,1.2117422923081685e-4,2.5392327165389195e-6,4.4026395036731196e-4,6.342469439799247e-4,6.31177230630829e-4,0.00063728632899194245,5.196522061277879e-4,2.977970867032535e-4,8.832613130507271e-4,3.496765831090963e-4,1.3891355443181226e-4,7.260677157956226e-4,0.7123776476452136,0.5900934550226555,0.7594813106934607,0.22436574947403057,0.1857777353312693,0.2393805999480586,0.06325660288075588,0.0014805075347435255,0.2242997638920229,1,1,1,0,0,0,0.12,0.12,0.12,0.85,0.85,0.85,0.85,0.85,0.85,0.5,0.5,0.5,0.995,0.995,0.995,0.5,0.5,0.5
Rajasthan,0.0025511095119748533,0.0019124462621438025,0.0032800120838321566,0.06091941112409832,0.05863051906072301,0.06319159964235557,0.6031407118472066,0.4186460499370812,0.6965828970052905,0.6827056643586003,0.30743732202436613,0.9794894390040412,1.6983103445482335,1.0992622444621094,2.6363185354435665,5.0158584693356945,2.4942957174270104,9.841348860993973,0.0017580921443102369,0.001644589501291438,0.0018721246155316176,2.0128066611568025,1.2200333955350882,3.2998642947712593,0.19826700462302255,0.10474896241017492,0.29450788530597544,0.7397408857221563,0.5093450212676817,0.9860988484850289,0.5071348107767419,0.13147881835794412,0.8358820494216281,0.9097243119682045,0.3567429817682403,1.460678864724649,0.3256574614499811,0.031130977597092574,0.7363582744039134,0.19914605069517766,0.10560005650264657,0.29542975963866175,0.31914605069517765,0.22560005650264658,0.4154297596386618,0.31914605069517765,0.22560005650264658,0.4154297596386618,2.3127987402214845,1.370818227560272,3.923587822854442,3.235488060275209,1.4552920875665718,6.483150303522359,2.3110434986098443,0.9774882620068678,4.758842212045284,0.48593284019893196,0.35841701784798624,0.6103939107501604,0.16737232249410663,0.0842618544922785,0.2742251153773693,0.34669483730696143,0.22982716398400166,0.4709636505358173,0.0012398733813538839,8.048134815874972e-4,0.0017606561496621485,4.270656641925741e-4,1.9981043785187477e-4,7.417560945052731e-4,8.84170466428387e-4,5.401689833544772e-4,0.001313864031362212,6.204676592991051e-4,6.185810294324794e-4,6.222903892228913e-4,3.409511170616979e-4,3.264327365412375e-5,7.70277223819155e-4,4.5114513342578254e-4,1.1972979690393725e-4,0.0011100370790720598,4.3853509705682453e-4,2.840820061542157e-5,0.0010906046041027197,6.204676592991051e-4,6.185810294324794e-4,6.222903892228913e-4,0.001230631347544316,7.692887541149e-4,0.001874182631907744,8.896802304826123e-4,2.881221589078985e-4,0.001625119619297234,0.6031407118472066,0.4186460499370812,0.6965828970052905,0.25736010080144933,0.17858069814767802,0.29712394838544415,0.13949918735134403,0.006218752736413363,0.40244582766682646,1,1,1,0,0,0,0.12,0.12,0.12,0.85,0.85,0.85,0.85,0.85,0.85,0.5,0.5,0.5,0.995,0.995,0.995,0.5,0.5,0.5
Tamil_Nadu,0.0024484942099850114,0.001908245796667567,0.0030481984752615643,0.09989780502661312,0.09961940680115829,0.09999727544180098,0.7182726994602597,0.6260234024094854,0.7512087230087252,0.8550547907432116,0.5510783490086627,0.9955159527089296,1.3300723134453183,0.8836078226374366,1.9982469404120315,1.2147854674999095,0.8116116192690632,1.8055372853710514,0.0020002021799114173,0.0018853488719567976,0.0021141146663923895,1.9469955915118615,1.1875846266328227,3.2193370931015073,0.19696419184587213,0.10485429723488845,0.29461647832141,0.728321343135201,0.5105734810036825,0.9828889995857129,0.5568992852098262,0.15741438858120513,0.8372482413760781,1.2576635394168372,0.7996573462082538,1.4923620071230845,0.17533617017556305,0.012511210362273888,0.5023650390877539,0.19796429293582785,0.10584854357212262,0.2956065845767218,0.31796429293582784,0.2258485435721226,0.4156065845767218,0.31796429293582784,0.2258485435721226,0.4156065845767218,2.060217590318669,1.2492218581801442,3.4368697365488723,1.1245087600714985,0.6399687633051021,1.8112888403115182,0.5946775694888639,0.29693889678306085,1.0438994953532703,0.40755901666415667,0.2976641635015002,0.5236141072034695,0.37662673847792405,0.2681317911044349,0.48933232969894314,0.21581424485791928,0.1298298357088019,0.3137468095562588,9.979160307734818e-4,6.632752028498413e-4,0.001390431207018317,9.224314914857244e-4,6.043564662647855e-4,0.0013101621423128942,5.281466877257953e-4,2.9958667421601127e-4,8.098144642092118e-4,4.4493122511386714e-4,4.4325541731266e-4,4.466113713988152e-4,8.661325766059312e-5,6.1949583266943584e-6,2.484656942255383e-4,1.5382308972751164e-4,8.787382957274027e-5,2.5831517459791757e-4,4.404142571354631e-5,1.1809190093291123e-6,1.5854700185817454e-4,4.4493122511386714e-4,4.4325541731266e-4,4.466113713988152e-4,2.84477773101653e-4,1.8325088988886175e-4,4.436507144939452e-4,1.9786451544105842e-4,1.0682915082496976e-4,3.505700729778033e-4,0.7182726994602597,0.6260234024094854,0.7512087230087252,0.23687736898687142,0.2061990011907222,0.24805694376427692,0.044849931552868816,0.0011154834902931748,0.16788621152257657,1,1,1,0,0,0,0.12,0.12,0.12,0.85,0.85,0.85,0.85,0.85,0.85,0.5,0.5,0.5,0.995,0.995,0.995,0.5,0.5,0.5
Telangana,0.0026373635251234627,0.0018837222087398386,0.003537443430223096,3.472514485986187e-4,8.700683540221142e-6,0.0012302675594082118,0.6620284856085941,0.5473078169552823,0.704436740807174,0.8326517123003034,0.5048760469928952,0.993421054250762,1.881112820009709,1.0876294718110038,3.1410428029464557,2.617925399183226,1.3362174304072227,5.093433219848279,0.004228422674746958,0.003917689859048707,0.004526495917672906,1.8433848997456392,1.0370822129270112,3.311953759342813,0.19831310914280936,0.10527977191795256,0.2940206061825396,0.728291932238513,0.5084399861484383,0.9871511460043721,0.5497673171198977,0.16074308766012474,0.8350097852786249,1.1888845104966936,0.6916113334402891,1.485746940468745,0.21834063615200724,0.01954421833870062,0.5626587237510254,0.20042732048018286,0.10744822035778281,0.2961637592040058,0.32042732048018285,0.22744822035778284,0.4161637592040059,0.32042732048018285,0.22744822035778284,0.4161637592040059,1.9358181085846278,1.0847428690463585,3.5022641429827086,1.6904218452155415,0.6969898109411777,3.5491535501771785,1.3061109601273384,0.4911350344369118,2.853961330782119,0.41147732962553746,0.2655169356005176,0.568862353141673,0.2715756527832889,0.1440674390412866,0.42839828669935187,0.31694701759117366,0.17658433389418116,0.47352288258293307,0.0010864337346797445,6.17100413099639e-4,0.001706510759443279,7.17002495199737e-4,3.3869633548346695e-4,0.001235800358633898,8.339272952439723e-4,4.2960523085663953e-4,0.001347472073388,5.740702926545174e-4,5.713305378889333e-4,5.767752793596695e-4,2.0102526567983828e-4,1.7925331684690258e-5,5.186803694542395e-4,3.1557306422542287e-4,1.6349978495421824e-4,5.474262187511498e-4,1.0938469439574642e-4,3.566689099484243e-6,3.7030458583365265e-4,5.740702926545174e-4,5.713305378889333e-4,5.767752793596695e-4,6.259830243010129e-4,4.01208532069318e-4,9.692600972782077e-4,4.249577586211713e-4,2.1134697831369148e-4,7.587595635540279e-4,0.6620284856085941,0.5473078169552823,0.704436740807174,0.27603993559726175,0.22869812315081972,0.293922127888858,0.06193157879414424,0.0019459685600202038,0.22395443836132742,1,1,1,0,0,0,0.12,0.12,0.12,0.85,0.85,0.85,0.85,0.85,0.85,0.5,0.5,0.5,0.995,0.995,0.995,0.5,0.5,0.5
Uttar_Pradesh,0.003311542721711377,0.002806646845075458,0.00386793304583549,0.019745716914178334,0.01843257967522619,0.021081052795410334,0.6339757949300692,0.535223406061719,0.6868384842458097,0.7985418973151577,0.5196819146066922,0.9910104183746301,0.9475770992447258,0.7437042206748458,1.1979931366356784,2.559416517861538,1.7852494174277171,3.6998764977870815,0.009455499006276746,0.009069546396723218,0.00983303362572318,2.5249133633800724,1.7222021924820548,3.647704582315967,0.198343916751216,0.10395811233430662,0.2944066066489265,0.7355931992637806,0.5101252685773308,0.9865313829046679,0.5327252090217341,0.14438840459886654,0.8381088846931661,1.0581591685841611,0.5554097863108558,1.4798513489495377,0.3095525133102518,0.0343745409128754,0.6814236113612648,0.20307166625435435,0.10877050450118018,0.29915542518900756,0.32307166625435435,0.22877050450118017,0.4191554251890076,0.32307166625435435,0.22877050450118017,0.4191554251890076,2.866500083142067,1.9447695120407014,4.186570288866736,3.0626643956602453,2.038131617551309,4.480363422842884,0.933585884262032,0.5406541195230331,1.4794198065571478,0.6092121683723776,0.5363257489087975,0.6827284633652564,0.20521573450768663,0.14605851423974184,0.2715580841933922,0.18557209711993575,0.13023950599675058,0.24715697820485302,0.0020174032170747294,0.0016377619176865374,0.0024670006615522037,6.794143139587403e-4,4.6236255800115696e-4,9.298363310645068e-4,6.147251906778982e-4,4.10855423283541e-4,8.536726345186231e-4,6.066952003811552e-4,6.056240144566265e-4,6.077725391163554e-4,3.090700566988758e-4,3.435809134894918e-5,0.00068068528208205855,3.5127870738167353e-4,1.3330421090973024e-4,7.164441365403258e-4,1.8262560790524628e-4,7.643224231675543e-6,4.898334160683341e-4,6.066952003811552e-4,6.056240144566265e-4,6.077725391163554e-4,8.429743719858032e-4,6.061308795216202e-4,0.001132861836046418,5.33904315286923e-4,1.8698022800833127e-4,9.442652132151402e-4,0.6339757949300692,0.535223406061719,0.6868384842458097,0.28649761989527817,0.2417029586352795,0.3103516220479114,0.07952658517465268,0.0028147454090688144,0.22335265468421428,1,1,1,0,0,0,0.12,0.12,0.12,0.85,0.85,0.85,0.85,0.85,0.85,0.5,0.5,0.5,0.995,0.995,0.995,0.5,0.5,0.5
Uttarakhand,0.0029356155468317053,0.0018597247609508716,0.00420549125297534,0.03224465756975738,0.02647819014315722,0.03804033326859264,0.6832415406239652,0.5066589974871548,0.7649744530367402,0.6922092346997467,0.3094419208776556,0.9827490928882995,1.160178190235288,0.6688146569220097,2.0236249282133785,13.909502271200356,2.6052176281439654,59.26567510637516,0.002488271131927995,0.0022058337796597434,0.002781702905907896,2.585726521710798,1.1089757390718193,6.038068638638314,0.19863751814774117,0.10510405828227007,0.29429240460409034,0.733769894589377,0.5111535763982241,0.9813287039709219,0.5190357876659664,0.13830402327949032,0.8334138598147655,0.9646954540149913,0.34785341192166724,1.4707212896760862,0.3085078384129719,0.03168145444390248,0.72594903790708,0.19988165371370514,0.10640032737520236,0.2955402612638799,0.31988165371370514,0.22640032737520233,0.4155402612638799,0.31988165371370514,0.22640032737520233,0.4155402612638799,2.8918537878394424,1.2242515588737009,6.803975713045007,13.250162534805076,2.2180924982833163,57.6856828714267,5.892024761054631,0.7041575444355239,26.371562582630787,0.6382664793546353,0.4307549003391876,0.8141553540173916,0.0917625268809208,0.01186943708501902,0.23483650157580416,0.26997099376444383,0.10933363262527696,0.4718685352156888,0.001874702394049032,0.0010234957925365417,0.0028948036011525653,2.694904246063888e-4,3.4048316332325606e-5,7.239155554608377e-4,7.914227281762772e-4,2.846927504235022e-4,0.001533864205595897,7.394293728386201e-4,7.340035963536637e-4,7.448546143137652e-4,2.3673043910263394e-4,2.4213568176244806e-5,5.571850062724446e-4,3.1843771466542306e-4,9.144484091191745e-5,8.174837424825282e-4,3.3390973829593363e-4,1.4909183246942418e-5,9.914380298954061e-4,7.394293728386201e-4,7.340035963536637e-4,7.448546143137652e-4,8.890778920639989e-4,4.5900442856232495e-4,0.0015846634493800738,6.523474529613605e-4,1.9633787852150827e-4,0.001402807660872905,0.6832415406239652,0.5066589974871548,0.7649744530367402,0.20624547796657935,0.1523753055800191,0.23110412388359,0.1105129814094554,0.004023271735351091,0.3402183152808596,1,1,1,0,0,0,0.12,0.12,0.12,0.85,0.85,0.85,0.85,0.85,0.85,0.5,0.5,0.5,0.995,0.995,0.995,0.5,0.5,0.5
West_Bengal,0.001388315535595749,9.492390427354381e-4,0.00190038716014998,0.08426417943510008,0.08146280825927857,0.08702914837341202,0.7749942839233034,0.6553663036479849,0.8161812677181797,0.7985691751621101,0.42487171839470733,0.9925928571602103,0.8930567683945821,0.5819103278874445,1.3411656630940898,4.620233592531617,1.7901542071945784,11.140560828160911,0.0024940444124763495,0.002364644564789535,0.0026194985109350435,6.084656625422092,2.056988818199636,17.65256344079021,0.20042364929621995,0.10560234104347628,0.29412173940884306,0.7304480583658107,0.5099645918762,0.9860981651888996,0.548548610810386,0.1522394747071322,0.8372225634723481,1.1197683054969845,0.5254287321184217,1.4842781315250622,0.2586312924945713,0.02146980261510545,0.6715093155322572,0.2016706715024581,0.106797266427086,0.2953512335186209,0.3216706715024581,0.22679726642708598,0.41535123351862085,0.3216706715024581,0.22679726642708598,0.41535123351862085,6.665903363797147,2.251386313804489,19.19891102380298,5.731683775416659,2.002137822673745,14.525124770555642,0.9773211259322261,0.17488664331805356,2.96687231652925,0.7214650966121686,0.560011972568052,0.8584621715250632,0.1565931998941296,0.056008224672309245,0.2998821120798384,0.12194170349370183,0.03482687691053036,0.2515604148278368,0.0010014104589489087,6.458377509247275e-4,0.0014499810497232834,2.1738927744909846e-4,7.385300726672092e-5,4.465150531498516e-4,1.6951579919773218e-4,4.4095862649192704e-5,3.7278061715939376e-4,3.9134281579559734e-4,3.8995855653065797e-4,3.926557837206675e-4,6.230099456477053e-5,5.186502258288328e-6,1.6185785772765648e-4,8.177322000259645e-5,3.0999529857049315e-5,1.7220236329594003e-4,5.039242207549333e-5,1.553919461042654e-6,1.8701607261211679e-4,3.9134281579559734e-4,3.8995855653065797e-4,3.926557837206675e-4,1.9446663664285821e-4,1.048230398639225e-4,3.564569956181098e-4,1.321656420780885e-4,4.874411651850388e-5,2.938690775187735e-4,0.7749942839233034,0.6553663036479849,0.8161812677181797,0.173112239012956,0.14621355441605285,0.18257379801125395,0.051893477063740645,0.001354122528460869,0.198029803471349,1,1,1,0,0,0,0.12,0.12,0.12,0.85,0.85,0.85,0.85,0.85,0.85,0.5,0.5,0.5,0.995,0.995,0.995,0.5,0.5,0.5
